,fname,score
0,RUG12_20190723_123000.wav,0
1,RUG12_20190723_123000.wav,0
2,RUG12_20190723_123000.wav,0
3,RUG12_20190723_123000.wav,0
4,RUG12_20190723_123000.wav,0
5,RUG12_20190723_123000.wav,0
6,RUG12_20190723_123000.wav,0
7,RUG12_20190723_123000.wav,0
8,RUG12_20190723_123000.wav,0
9,RUG12_20190723_123000.wav,0
10,RUG12_20190723_123000.wav,0
11,RUG12_20190723_123000.wav,0
12,RUG12_20190723_123000.wav,0
13,RUG12_20190723_123000.wav,0
14,RUG12_20190723_123000.wav,0
15,RUG12_20190723_123000.wav,0
16,RUG12_20190723_123000.wav,0
17,RUG12_20190723_123000.wav,0
18,RUG12_20190723_123000.wav,0
19,RUG12_20190723_123000.wav,0
20,RUG12_20190723_140000.wav,0
21,RUG12_20190723_140000.wav,0
22,RUG12_20190723_140000.wav,0
23,RUG12_20190723_140000.wav,0
24,RUG12_20190723_140000.wav,0
25,RUG12_20190723_140000.wav,0
26,RUG12_20190723_140000.wav,0
27,RUG12_20190723_140000.wav,0
28,RUG12_20190723_140000.wav,0
29,RUG12_20190723_140000.wav,0
30,RUG12_20190723_140000.wav,0
31,RUG12_20190723_140000.wav,0
32,RUG12_20190723_140000.wav,0
33,RUG12_20190723_140000.wav,0
34,RUG12_20190723_140000.wav,0
35,RUG12_20190723_140000.wav,0
36,RUG12_20190723_140000.wav,0
37,RUG12_20190723_140000.wav,0
38,RUG12_20190723_140000.wav,0
39,RUG12_20190723_140000.wav,0
40,RUG12_20190724_163000.wav,0
41,RUG12_20190724_163000.wav,0
42,RUG12_20190724_163000.wav,0
43,RUG12_20190724_163000.wav,0
44,RUG12_20190724_163000.wav,0
45,RUG12_20190724_163000.wav,0
46,RUG12_20190724_163000.wav,0
47,RUG12_20190724_163000.wav,0
48,RUG12_20190724_163000.wav,0
49,RUG12_20190724_163000.wav,0
50,RUG12_20190724_163000.wav,0
51,RUG12_20190724_163000.wav,0
52,RUG12_20190724_163000.wav,0
53,RUG12_20190724_163000.wav,0
54,RUG12_20190724_163000.wav,0
55,RUG12_20190724_163000.wav,0
56,RUG12_20190724_163000.wav,0
57,RUG12_20190724_163000.wav,0
58,RUG12_20190724_163000.wav,0
59,RUG12_20190724_163000.wav,0
60,RUG12_20190726_100000.wav,0
61,RUG12_20190726_100000.wav,0
62,RUG12_20190726_100000.wav,0
63,RUG12_20190726_100000.wav,0
64,RUG12_20190726_100000.wav,0
65,RUG12_20190726_100000.wav,0
66,RUG12_20190726_100000.wav,0
67,RUG12_20190726_100000.wav,0
68,RUG12_20190726_100000.wav,0
69,RUG12_20190726_100000.wav,0
70,RUG12_20190726_100000.wav,0
71,RUG12_20190726_100000.wav,0
72,RUG12_20190726_100000.wav,0
73,RUG12_20190726_100000.wav,0
74,RUG12_20190726_100000.wav,0
75,RUG12_20190726_100000.wav,0
76,RUG12_20190726_100000.wav,0
77,RUG12_20190726_100000.wav,0
78,RUG12_20190726_100000.wav,0
79,RUG12_20190726_100000.wav,0
80,RUG12_20190727_080000.wav,0
81,RUG12_20190727_080000.wav,0
82,RUG12_20190727_080000.wav,0
83,RUG12_20190727_080000.wav,0
84,RUG12_20190727_080000.wav,0
85,RUG12_20190727_080000.wav,0
86,RUG12_20190727_080000.wav,0
87,RUG12_20190727_080000.wav,0
88,RUG12_20190727_080000.wav,0
89,RUG12_20190727_080000.wav,0
90,RUG12_20190727_080000.wav,0
91,RUG12_20190727_080000.wav,0
92,RUG12_20190727_080000.wav,0
93,RUG12_20190727_080000.wav,0
94,RUG12_20190727_080000.wav,0
95,RUG12_20190727_080000.wav,0
96,RUG12_20190727_080000.wav,0
97,RUG12_20190727_080000.wav,0
98,RUG12_20190727_080000.wav,0
99,RUG12_20190727_080000.wav,0
100,RUG12_20190727_120000.wav,0
101,RUG12_20190727_120000.wav,0
102,RUG12_20190727_120000.wav,0
103,RUG12_20190727_120000.wav,0
104,RUG12_20190727_120000.wav,0
105,RUG12_20190727_120000.wav,0
106,RUG12_20190727_120000.wav,0
107,RUG12_20190727_120000.wav,0
108,RUG12_20190727_120000.wav,0
109,RUG12_20190727_120000.wav,0
110,RUG12_20190727_120000.wav,0
111,RUG12_20190727_120000.wav,0
112,RUG12_20190727_120000.wav,0
113,RUG12_20190727_120000.wav,0
114,RUG12_20190727_120000.wav,0
115,RUG12_20190727_120000.wav,0
116,RUG12_20190727_120000.wav,0
117,RUG12_20190727_120000.wav,0
118,RUG12_20190727_120000.wav,0
119,RUG12_20190727_120000.wav,0
120,RUG12_20190728_080000.wav,0
121,RUG12_20190728_080000.wav,0
122,RUG12_20190728_080000.wav,0
123,RUG12_20190728_080000.wav,0
124,RUG12_20190728_080000.wav,0
125,RUG12_20190728_080000.wav,0
126,RUG12_20190728_080000.wav,0
127,RUG12_20190728_080000.wav,0
128,RUG12_20190728_080000.wav,0
129,RUG12_20190728_080000.wav,0
130,RUG12_20190728_080000.wav,0
131,RUG12_20190728_080000.wav,0
132,RUG12_20190728_080000.wav,0
133,RUG12_20190728_080000.wav,0
134,RUG12_20190728_080000.wav,0
135,RUG12_20190728_080000.wav,0
136,RUG12_20190728_080000.wav,0
137,RUG12_20190728_080000.wav,0
138,RUG12_20190728_080000.wav,0
139,RUG12_20190728_080000.wav,0
140,RUG12_20190728_140000.wav,0
141,RUG12_20190728_140000.wav,0
142,RUG12_20190728_140000.wav,0
143,RUG12_20190728_140000.wav,0
144,RUG12_20190728_140000.wav,0
145,RUG12_20190728_140000.wav,0
146,RUG12_20190728_140000.wav,0
147,RUG12_20190728_140000.wav,0
148,RUG12_20190728_140000.wav,0
149,RUG12_20190728_140000.wav,0
150,RUG12_20190728_140000.wav,0
151,RUG12_20190728_140000.wav,0
152,RUG12_20190728_140000.wav,0
153,RUG12_20190728_140000.wav,0
154,RUG12_20190728_140000.wav,0
155,RUG12_20190728_140000.wav,0
156,RUG12_20190728_140000.wav,0
157,RUG12_20190728_140000.wav,0
158,RUG12_20190728_140000.wav,0
159,RUG12_20190728_140000.wav,0
160,RUG12_20190729_093000.wav,0
161,RUG12_20190729_093000.wav,0
162,RUG12_20190729_093000.wav,0
163,RUG12_20190729_093000.wav,0
164,RUG12_20190729_093000.wav,0
165,RUG12_20190729_093000.wav,0
166,RUG12_20190729_093000.wav,0
167,RUG12_20190729_093000.wav,0
168,RUG12_20190729_093000.wav,0
169,RUG12_20190729_093000.wav,0
170,RUG12_20190729_093000.wav,0
171,RUG12_20190729_093000.wav,0
172,RUG12_20190729_093000.wav,0
173,RUG12_20190729_093000.wav,0
174,RUG12_20190729_093000.wav,0
175,RUG12_20190729_093000.wav,0
176,RUG12_20190729_093000.wav,0
177,RUG12_20190729_093000.wav,0
178,RUG12_20190729_093000.wav,0
179,RUG12_20190729_093000.wav,0
180,RUG12_20190730_103000.wav,0
181,RUG12_20190730_103000.wav,0
182,RUG12_20190730_103000.wav,0
183,RUG12_20190730_103000.wav,0
184,RUG12_20190730_103000.wav,0
185,RUG12_20190730_103000.wav,0
186,RUG12_20190730_103000.wav,0
187,RUG12_20190730_103000.wav,0
188,RUG12_20190730_103000.wav,0
189,RUG12_20190730_103000.wav,0
190,RUG12_20190730_103000.wav,0
191,RUG12_20190730_103000.wav,0
192,RUG12_20190730_103000.wav,0
193,RUG12_20190730_103000.wav,0
194,RUG12_20190730_103000.wav,0
195,RUG12_20190730_103000.wav,0
196,RUG12_20190730_103000.wav,0
197,RUG12_20190730_103000.wav,0
198,RUG12_20190730_103000.wav,0
199,RUG12_20190730_103000.wav,0
200,RUG12_20190731_073000.wav,0
201,RUG12_20190731_073000.wav,0
202,RUG12_20190731_073000.wav,0
203,RUG12_20190731_073000.wav,0
204,RUG12_20190731_073000.wav,0
205,RUG12_20190731_073000.wav,0
206,RUG12_20190731_073000.wav,0
207,RUG12_20190731_073000.wav,0
208,RUG12_20190731_073000.wav,0
209,RUG12_20190731_073000.wav,0
210,RUG12_20190731_073000.wav,0
211,RUG12_20190731_073000.wav,0
212,RUG12_20190731_073000.wav,0
213,RUG12_20190731_073000.wav,0
214,RUG12_20190731_073000.wav,0
215,RUG12_20190731_073000.wav,0
216,RUG12_20190731_073000.wav,0
217,RUG12_20190731_073000.wav,0
218,RUG12_20190731_073000.wav,0
219,RUG12_20190731_073000.wav,0
220,RUG12_20190731_103000.wav,0
221,RUG12_20190731_103000.wav,0
222,RUG12_20190731_103000.wav,0
223,RUG12_20190731_103000.wav,0
224,RUG12_20190731_103000.wav,0
225,RUG12_20190731_103000.wav,0
226,RUG12_20190731_103000.wav,0
227,RUG12_20190731_103000.wav,0
228,RUG12_20190731_103000.wav,0
229,RUG12_20190731_103000.wav,0
230,RUG12_20190731_103000.wav,0
231,RUG12_20190731_103000.wav,0
232,RUG12_20190731_103000.wav,0
233,RUG12_20190731_103000.wav,0
234,RUG12_20190731_103000.wav,0
235,RUG12_20190731_103000.wav,0
236,RUG12_20190731_103000.wav,0
237,RUG12_20190731_103000.wav,0
238,RUG12_20190731_103000.wav,0
239,RUG12_20190731_103000.wav,0
240,RUG12_20190801_090000.wav,0
241,RUG12_20190801_090000.wav,0
242,RUG12_20190801_090000.wav,0
243,RUG12_20190801_090000.wav,0
244,RUG12_20190801_090000.wav,0
245,RUG12_20190801_090000.wav,0
246,RUG12_20190801_090000.wav,0
247,RUG12_20190801_090000.wav,0
248,RUG12_20190801_090000.wav,0
249,RUG12_20190801_090000.wav,0
250,RUG12_20190801_090000.wav,0
251,RUG12_20190801_090000.wav,0
252,RUG12_20190801_090000.wav,0
253,RUG12_20190801_090000.wav,0
254,RUG12_20190801_090000.wav,0
255,RUG12_20190801_090000.wav,0
256,RUG12_20190801_090000.wav,0
257,RUG12_20190801_090000.wav,0
258,RUG12_20190801_090000.wav,0
259,RUG12_20190801_090000.wav,0
260,RUG12_20190801_113000.wav,0
261,RUG12_20190801_113000.wav,0
262,RUG12_20190801_113000.wav,0
263,RUG12_20190801_113000.wav,0
264,RUG12_20190801_113000.wav,0
265,RUG12_20190801_113000.wav,0
266,RUG12_20190801_113000.wav,0
267,RUG12_20190801_113000.wav,0
268,RUG12_20190801_113000.wav,0
269,RUG12_20190801_113000.wav,0
270,RUG12_20190801_113000.wav,0
271,RUG12_20190801_113000.wav,0
272,RUG12_20190801_113000.wav,0
273,RUG12_20190801_113000.wav,0
274,RUG12_20190801_113000.wav,0
275,RUG12_20190801_113000.wav,0
276,RUG12_20190801_113000.wav,0
277,RUG12_20190801_113000.wav,0
278,RUG12_20190801_113000.wav,0
279,RUG12_20190801_113000.wav,0
280,RUG12_20190801_173000.wav,0
281,RUG12_20190801_173000.wav,0
282,RUG12_20190801_173000.wav,0
283,RUG12_20190801_173000.wav,0
284,RUG12_20190801_173000.wav,0
285,RUG12_20190801_173000.wav,0
286,RUG12_20190801_173000.wav,0
287,RUG12_20190801_173000.wav,0
288,RUG12_20190801_173000.wav,0
289,RUG12_20190801_173000.wav,0
290,RUG12_20190801_173000.wav,0
291,RUG12_20190801_173000.wav,0
292,RUG12_20190801_173000.wav,0
293,RUG12_20190801_173000.wav,0
294,RUG12_20190801_173000.wav,0
295,RUG12_20190801_173000.wav,0
296,RUG12_20190801_173000.wav,0
297,RUG12_20190801_173000.wav,0
298,RUG12_20190801_173000.wav,0
299,RUG12_20190801_173000.wav,0
300,RUG12_20190802_060000.wav,0
301,RUG12_20190802_060000.wav,0
302,RUG12_20190802_060000.wav,0
303,RUG12_20190802_060000.wav,0
304,RUG12_20190802_060000.wav,0
305,RUG12_20190802_060000.wav,0
306,RUG12_20190802_060000.wav,0
307,RUG12_20190802_060000.wav,0
308,RUG12_20190802_060000.wav,0
309,RUG12_20190802_060000.wav,0
310,RUG12_20190802_060000.wav,0
311,RUG12_20190802_060000.wav,0
312,RUG12_20190802_060000.wav,0
313,RUG12_20190802_060000.wav,0
314,RUG12_20190802_060000.wav,0
315,RUG12_20190802_060000.wav,0
316,RUG12_20190802_060000.wav,0
317,RUG12_20190802_060000.wav,0
318,RUG12_20190802_060000.wav,0
319,RUG12_20190802_060000.wav,0
320,RUG12_20190802_083000.wav,0
321,RUG12_20190802_083000.wav,0
322,RUG12_20190802_083000.wav,0
323,RUG12_20190802_083000.wav,0
324,RUG12_20190802_083000.wav,0
325,RUG12_20190802_083000.wav,0
326,RUG12_20190802_083000.wav,0
327,RUG12_20190802_083000.wav,0
328,RUG12_20190802_083000.wav,0
329,RUG12_20190802_083000.wav,0
330,RUG12_20190802_083000.wav,0
331,RUG12_20190802_083000.wav,0
332,RUG12_20190802_083000.wav,0
333,RUG12_20190802_083000.wav,0
334,RUG12_20190802_083000.wav,0
335,RUG12_20190802_083000.wav,0
336,RUG12_20190802_083000.wav,0
337,RUG12_20190802_083000.wav,0
338,RUG12_20190802_083000.wav,0
339,RUG12_20190802_083000.wav,0
340,RUG12_20190803_070000.wav,0
341,RUG12_20190803_070000.wav,0
342,RUG12_20190803_070000.wav,0
343,RUG12_20190803_070000.wav,0
344,RUG12_20190803_070000.wav,0
345,RUG12_20190803_070000.wav,0
346,RUG12_20190803_070000.wav,0
347,RUG12_20190803_070000.wav,0
348,RUG12_20190803_070000.wav,0
349,RUG12_20190803_070000.wav,0
350,RUG12_20190803_070000.wav,0
351,RUG12_20190803_070000.wav,0
352,RUG12_20190803_070000.wav,0
353,RUG12_20190803_070000.wav,0
354,RUG12_20190803_070000.wav,0
355,RUG12_20190803_070000.wav,0
356,RUG12_20190803_070000.wav,0
357,RUG12_20190803_070000.wav,0
358,RUG12_20190803_070000.wav,0
359,RUG12_20190803_070000.wav,0
360,RUG12_20190803_160000.wav,0
361,RUG12_20190803_160000.wav,0
362,RUG12_20190803_160000.wav,0
363,RUG12_20190803_160000.wav,0
364,RUG12_20190803_160000.wav,0
365,RUG12_20190803_160000.wav,0
366,RUG12_20190803_160000.wav,0
367,RUG12_20190803_160000.wav,0
368,RUG12_20190803_160000.wav,0
369,RUG12_20190803_160000.wav,0
370,RUG12_20190803_160000.wav,0
371,RUG12_20190803_160000.wav,0
372,RUG12_20190803_160000.wav,0
373,RUG12_20190803_160000.wav,0
374,RUG12_20190803_160000.wav,0
375,RUG12_20190803_160000.wav,0
376,RUG12_20190803_160000.wav,0
377,RUG12_20190803_160000.wav,0
378,RUG12_20190803_160000.wav,0
379,RUG12_20190803_160000.wav,0
380,RUG12_20190804_093000.wav,0
381,RUG12_20190804_093000.wav,0
382,RUG12_20190804_093000.wav,0
383,RUG12_20190804_093000.wav,0
384,RUG12_20190804_093000.wav,0
385,RUG12_20190804_093000.wav,0
386,RUG12_20190804_093000.wav,0
387,RUG12_20190804_093000.wav,0
388,RUG12_20190804_093000.wav,0
389,RUG12_20190804_093000.wav,0
390,RUG12_20190804_093000.wav,0
391,RUG12_20190804_093000.wav,0
392,RUG12_20190804_093000.wav,0
393,RUG12_20190804_093000.wav,0
394,RUG12_20190804_093000.wav,0
395,RUG12_20190804_093000.wav,0
396,RUG12_20190804_093000.wav,0
397,RUG12_20190804_093000.wav,0
398,RUG12_20190804_093000.wav,0
399,RUG12_20190804_093000.wav,0
400,RUG12_20190804_160000.wav,0
401,RUG12_20190804_160000.wav,0
402,RUG12_20190804_160000.wav,0
403,RUG12_20190804_160000.wav,0
404,RUG12_20190804_160000.wav,0
405,RUG12_20190804_160000.wav,0
406,RUG12_20190804_160000.wav,0
407,RUG12_20190804_160000.wav,0
408,RUG12_20190804_160000.wav,0
409,RUG12_20190804_160000.wav,0
410,RUG12_20190804_160000.wav,0
411,RUG12_20190804_160000.wav,0
412,RUG12_20190804_160000.wav,0
413,RUG12_20190804_160000.wav,0
414,RUG12_20190804_160000.wav,0
415,RUG12_20190804_160000.wav,0
416,RUG12_20190804_160000.wav,0
417,RUG12_20190804_160000.wav,0
418,RUG12_20190804_160000.wav,0
419,RUG12_20190804_160000.wav,0
420,RUG12_20190805_080000.wav,0
421,RUG12_20190805_080000.wav,0
422,RUG12_20190805_080000.wav,0
423,RUG12_20190805_080000.wav,0
424,RUG12_20190805_080000.wav,0
425,RUG12_20190805_080000.wav,0
426,RUG12_20190805_080000.wav,0
427,RUG12_20190805_080000.wav,0
428,RUG12_20190805_080000.wav,0
429,RUG12_20190805_080000.wav,0
430,RUG12_20190805_080000.wav,0
431,RUG12_20190805_080000.wav,0
432,RUG12_20190805_080000.wav,0
433,RUG12_20190805_080000.wav,0
434,RUG12_20190805_080000.wav,0
435,RUG12_20190805_080000.wav,0
436,RUG12_20190805_080000.wav,0
437,RUG12_20190805_080000.wav,0
438,RUG12_20190805_080000.wav,0
439,RUG12_20190805_080000.wav,0
440,RUG12_20190805_090000.wav,0
441,RUG12_20190805_090000.wav,0
442,RUG12_20190805_090000.wav,0
443,RUG12_20190805_090000.wav,0
444,RUG12_20190805_090000.wav,0
445,RUG12_20190805_090000.wav,0
446,RUG12_20190805_090000.wav,0
447,RUG12_20190805_090000.wav,0
448,RUG12_20190805_090000.wav,0
449,RUG12_20190805_090000.wav,0
450,RUG12_20190805_090000.wav,0
451,RUG12_20190805_090000.wav,0
452,RUG12_20190805_090000.wav,0
453,RUG12_20190805_090000.wav,0
454,RUG12_20190805_090000.wav,0
455,RUG12_20190805_090000.wav,0
456,RUG12_20190805_090000.wav,0
457,RUG12_20190805_090000.wav,0
458,RUG12_20190805_090000.wav,0
459,RUG12_20190805_090000.wav,0
460,RUG12_20190805_130000.wav,0
461,RUG12_20190805_130000.wav,0
462,RUG12_20190805_130000.wav,0
463,RUG12_20190805_130000.wav,0
464,RUG12_20190805_130000.wav,0
465,RUG12_20190805_130000.wav,0
466,RUG12_20190805_130000.wav,0
467,RUG12_20190805_130000.wav,0
468,RUG12_20190805_130000.wav,0
469,RUG12_20190805_130000.wav,0
470,RUG12_20190805_130000.wav,0
471,RUG12_20190805_130000.wav,0
472,RUG12_20190805_130000.wav,0
473,RUG12_20190805_130000.wav,0
474,RUG12_20190805_130000.wav,0
475,RUG12_20190805_130000.wav,0
476,RUG12_20190805_130000.wav,0
477,RUG12_20190805_130000.wav,0
478,RUG12_20190805_130000.wav,0
479,RUG12_20190805_130000.wav,0
480,RUG12_20190806_153000.wav,0
481,RUG12_20190806_153000.wav,0
482,RUG12_20190806_153000.wav,0
483,RUG12_20190806_153000.wav,0
484,RUG12_20190806_153000.wav,0
485,RUG12_20190806_153000.wav,0
486,RUG12_20190806_153000.wav,0
487,RUG12_20190806_153000.wav,0
488,RUG12_20190806_153000.wav,0
489,RUG12_20190806_153000.wav,0
490,RUG12_20190806_153000.wav,0
491,RUG12_20190806_153000.wav,0
492,RUG12_20190806_153000.wav,0
493,RUG12_20190806_153000.wav,0
494,RUG12_20190806_153000.wav,0
495,RUG12_20190806_153000.wav,0
496,RUG12_20190806_153000.wav,0
497,RUG12_20190806_153000.wav,0
498,RUG12_20190806_153000.wav,0
499,RUG12_20190806_153000.wav,0
500,RUG12_20190807_053000.wav,0
501,RUG12_20190807_053000.wav,0
502,RUG12_20190807_053000.wav,0
503,RUG12_20190807_053000.wav,0
504,RUG12_20190807_053000.wav,0
505,RUG12_20190807_053000.wav,0
506,RUG12_20190807_053000.wav,0
507,RUG12_20190807_053000.wav,0
508,RUG12_20190807_053000.wav,0
509,RUG12_20190807_053000.wav,0
510,RUG12_20190807_053000.wav,0
511,RUG12_20190807_053000.wav,0
512,RUG12_20190807_053000.wav,0
513,RUG12_20190807_053000.wav,0
514,RUG12_20190807_053000.wav,0
515,RUG12_20190807_053000.wav,0
516,RUG12_20190807_053000.wav,0
517,RUG12_20190807_053000.wav,0
518,RUG12_20190807_053000.wav,0
519,RUG12_20190807_053000.wav,0
520,RUG12_20190807_173000.wav,0
521,RUG12_20190807_173000.wav,0
522,RUG12_20190807_173000.wav,0
523,RUG12_20190807_173000.wav,0
524,RUG12_20190807_173000.wav,0
525,RUG12_20190807_173000.wav,0
526,RUG12_20190807_173000.wav,0
527,RUG12_20190807_173000.wav,0
528,RUG12_20190807_173000.wav,0
529,RUG12_20190807_173000.wav,0
530,RUG12_20190807_173000.wav,0
531,RUG12_20190807_173000.wav,0
532,RUG12_20190807_173000.wav,0
533,RUG12_20190807_173000.wav,0
534,RUG12_20190807_173000.wav,0
535,RUG12_20190807_173000.wav,0
536,RUG12_20190807_173000.wav,0
537,RUG12_20190807_173000.wav,0
538,RUG12_20190807_173000.wav,0
539,RUG12_20190807_173000.wav,0
540,RUG12_20190808_060000.wav,0
541,RUG12_20190808_060000.wav,0
542,RUG12_20190808_060000.wav,0
543,RUG12_20190808_060000.wav,0
544,RUG12_20190808_060000.wav,0
545,RUG12_20190808_060000.wav,0
546,RUG12_20190808_060000.wav,0
547,RUG12_20190808_060000.wav,0
548,RUG12_20190808_060000.wav,0
549,RUG12_20190808_060000.wav,0
550,RUG12_20190808_060000.wav,0
551,RUG12_20190808_060000.wav,0
552,RUG12_20190808_060000.wav,0
553,RUG12_20190808_060000.wav,0
554,RUG12_20190808_060000.wav,0
555,RUG12_20190808_060000.wav,0
556,RUG12_20190808_060000.wav,0
557,RUG12_20190808_060000.wav,0
558,RUG12_20190808_060000.wav,0
559,RUG12_20190808_060000.wav,0
560,RUG12_20190809_060000.wav,0
561,RUG12_20190809_060000.wav,0
562,RUG12_20190809_060000.wav,0
563,RUG12_20190809_060000.wav,0
564,RUG12_20190809_060000.wav,0
565,RUG12_20190809_060000.wav,0
566,RUG12_20190809_060000.wav,0
567,RUG12_20190809_060000.wav,0
568,RUG12_20190809_060000.wav,0
569,RUG12_20190809_060000.wav,0
570,RUG12_20190809_060000.wav,0
571,RUG12_20190809_060000.wav,0
572,RUG12_20190809_060000.wav,0
573,RUG12_20190809_060000.wav,0
574,RUG12_20190809_060000.wav,0
575,RUG12_20190809_060000.wav,0
576,RUG12_20190809_060000.wav,0
577,RUG12_20190809_060000.wav,0
578,RUG12_20190809_060000.wav,0
579,RUG12_20190809_060000.wav,0
580,RUG12_20190809_140000.wav,0
581,RUG12_20190809_140000.wav,0
582,RUG12_20190809_140000.wav,0
583,RUG12_20190809_140000.wav,0
584,RUG12_20190809_140000.wav,0
585,RUG12_20190809_140000.wav,0
586,RUG12_20190809_140000.wav,0
587,RUG12_20190809_140000.wav,0
588,RUG12_20190809_140000.wav,0
589,RUG12_20190809_140000.wav,0
590,RUG12_20190809_140000.wav,0
591,RUG12_20190809_140000.wav,0
592,RUG12_20190809_140000.wav,0
593,RUG12_20190809_140000.wav,0
594,RUG12_20190809_140000.wav,0
595,RUG12_20190809_140000.wav,0
596,RUG12_20190809_140000.wav,0
597,RUG12_20190809_140000.wav,0
598,RUG12_20190809_140000.wav,0
599,RUG12_20190809_140000.wav,0
600,RUG12_20190811_093000.wav,0
601,RUG12_20190811_093000.wav,0
602,RUG12_20190811_093000.wav,0
603,RUG12_20190811_093000.wav,0
604,RUG12_20190811_093000.wav,0
605,RUG12_20190811_093000.wav,0
606,RUG12_20190811_093000.wav,0
607,RUG12_20190811_093000.wav,0
608,RUG12_20190811_093000.wav,0
609,RUG12_20190811_093000.wav,0
610,RUG12_20190811_093000.wav,0
611,RUG12_20190811_093000.wav,0
612,RUG12_20190811_093000.wav,0
613,RUG12_20190811_093000.wav,0
614,RUG12_20190811_093000.wav,0
615,RUG12_20190811_093000.wav,0
616,RUG12_20190811_093000.wav,0
617,RUG12_20190811_093000.wav,0
618,RUG12_20190811_093000.wav,0
619,RUG12_20190811_093000.wav,0
620,RUG12_20190811_133000.wav,0
621,RUG12_20190811_133000.wav,0
622,RUG12_20190811_133000.wav,0
623,RUG12_20190811_133000.wav,0
624,RUG12_20190811_133000.wav,0
625,RUG12_20190811_133000.wav,0
626,RUG12_20190811_133000.wav,0
627,RUG12_20190811_133000.wav,0
628,RUG12_20190811_133000.wav,0
629,RUG12_20190811_133000.wav,0
630,RUG12_20190811_133000.wav,0
631,RUG12_20190811_133000.wav,0
632,RUG12_20190811_133000.wav,0
633,RUG12_20190811_133000.wav,0
634,RUG12_20190811_133000.wav,0
635,RUG12_20190811_133000.wav,0
636,RUG12_20190811_133000.wav,0
637,RUG12_20190811_133000.wav,0
638,RUG12_20190811_133000.wav,0
639,RUG12_20190811_133000.wav,0
640,RUG12_20190812_090000.wav,0
641,RUG12_20190812_090000.wav,0
642,RUG12_20190812_090000.wav,0
643,RUG12_20190812_090000.wav,0
644,RUG12_20190812_090000.wav,0
645,RUG12_20190812_090000.wav,0
646,RUG12_20190812_090000.wav,0
647,RUG12_20190812_090000.wav,0
648,RUG12_20190812_090000.wav,0
649,RUG12_20190812_090000.wav,0
650,RUG12_20190812_090000.wav,0
651,RUG12_20190812_090000.wav,0
652,RUG12_20190812_090000.wav,0
653,RUG12_20190812_090000.wav,0
654,RUG12_20190812_090000.wav,0
655,RUG12_20190812_090000.wav,0
656,RUG12_20190812_090000.wav,0
657,RUG12_20190812_090000.wav,0
658,RUG12_20190812_090000.wav,0
659,RUG12_20190812_090000.wav,0
660,RUG12_20190812_123000.wav,0
661,RUG12_20190812_123000.wav,0
662,RUG12_20190812_123000.wav,0
663,RUG12_20190812_123000.wav,0
664,RUG12_20190812_123000.wav,0
665,RUG12_20190812_123000.wav,0
666,RUG12_20190812_123000.wav,0
667,RUG12_20190812_123000.wav,0
668,RUG12_20190812_123000.wav,0
669,RUG12_20190812_123000.wav,0
670,RUG12_20190812_123000.wav,0
671,RUG12_20190812_123000.wav,0
672,RUG12_20190812_123000.wav,0
673,RUG12_20190812_123000.wav,0
674,RUG12_20190812_123000.wav,0
675,RUG12_20190812_123000.wav,0
676,RUG12_20190812_123000.wav,0
677,RUG12_20190812_123000.wav,0
678,RUG12_20190812_123000.wav,0
679,RUG12_20190812_123000.wav,0
680,RUG12_20190812_133000.wav,0
681,RUG12_20190812_133000.wav,0
682,RUG12_20190812_133000.wav,0
683,RUG12_20190812_133000.wav,0
684,RUG12_20190812_133000.wav,0
685,RUG12_20190812_133000.wav,0
686,RUG12_20190812_133000.wav,0
687,RUG12_20190812_133000.wav,0
688,RUG12_20190812_133000.wav,0
689,RUG12_20190812_133000.wav,0
690,RUG12_20190812_133000.wav,0
691,RUG12_20190812_133000.wav,0
692,RUG12_20190812_133000.wav,0
693,RUG12_20190812_133000.wav,0
694,RUG12_20190812_133000.wav,0
695,RUG12_20190812_133000.wav,0
696,RUG12_20190812_133000.wav,0
697,RUG12_20190812_133000.wav,0
698,RUG12_20190812_133000.wav,0
699,RUG12_20190812_133000.wav,0
700,RUG12_20190813_093000.wav,0
701,RUG12_20190813_093000.wav,0
702,RUG12_20190813_093000.wav,0
703,RUG12_20190813_093000.wav,0
704,RUG12_20190813_093000.wav,0
705,RUG12_20190813_093000.wav,0
706,RUG12_20190813_093000.wav,0
707,RUG12_20190813_093000.wav,0
708,RUG12_20190813_093000.wav,0
709,RUG12_20190813_093000.wav,0
710,RUG12_20190813_093000.wav,0
711,RUG12_20190813_093000.wav,0
712,RUG12_20190813_093000.wav,0
713,RUG12_20190813_093000.wav,0
714,RUG12_20190813_093000.wav,0
715,RUG12_20190813_093000.wav,0
716,RUG12_20190813_093000.wav,0
717,RUG12_20190813_093000.wav,0
718,RUG12_20190813_093000.wav,0
719,RUG12_20190813_093000.wav,0
720,RUG12_20190813_123000.wav,0
721,RUG12_20190813_123000.wav,0
722,RUG12_20190813_123000.wav,0
723,RUG12_20190813_123000.wav,0
724,RUG12_20190813_123000.wav,0
725,RUG12_20190813_123000.wav,0
726,RUG12_20190813_123000.wav,0
727,RUG12_20190813_123000.wav,0
728,RUG12_20190813_123000.wav,0
729,RUG12_20190813_123000.wav,0
730,RUG12_20190813_123000.wav,0
731,RUG12_20190813_123000.wav,0
732,RUG12_20190813_123000.wav,0
733,RUG12_20190813_123000.wav,0
734,RUG12_20190813_123000.wav,0
735,RUG12_20190813_123000.wav,0
736,RUG12_20190813_123000.wav,0
737,RUG12_20190813_123000.wav,0
738,RUG12_20190813_123000.wav,0
739,RUG12_20190813_123000.wav,0
740,RUG12_20190813_160000.wav,0
741,RUG12_20190813_160000.wav,0
742,RUG12_20190813_160000.wav,0
743,RUG12_20190813_160000.wav,0
744,RUG12_20190813_160000.wav,0
745,RUG12_20190813_160000.wav,0
746,RUG12_20190813_160000.wav,0
747,RUG12_20190813_160000.wav,0
748,RUG12_20190813_160000.wav,0
749,RUG12_20190813_160000.wav,0
750,RUG12_20190813_160000.wav,0
751,RUG12_20190813_160000.wav,0
752,RUG12_20190813_160000.wav,0
753,RUG12_20190813_160000.wav,1
754,RUG12_20190813_160000.wav,1
755,RUG12_20190813_160000.wav,1
756,RUG12_20190813_160000.wav,1
757,RUG12_20190813_160000.wav,0
758,RUG12_20190813_160000.wav,0
759,RUG12_20190813_160000.wav,0
760,RUG12_20190814_060000.wav,0
761,RUG12_20190814_060000.wav,0
762,RUG12_20190814_060000.wav,0
763,RUG12_20190814_060000.wav,0
764,RUG12_20190814_060000.wav,0
765,RUG12_20190814_060000.wav,0
766,RUG12_20190814_060000.wav,0
767,RUG12_20190814_060000.wav,0
768,RUG12_20190814_060000.wav,0
769,RUG12_20190814_060000.wav,0
770,RUG12_20190814_060000.wav,0
771,RUG12_20190814_060000.wav,0
772,RUG12_20190814_060000.wav,0
773,RUG12_20190814_060000.wav,0
774,RUG12_20190814_060000.wav,0
775,RUG12_20190814_060000.wav,0
776,RUG12_20190814_060000.wav,0
777,RUG12_20190814_060000.wav,0
778,RUG12_20190814_060000.wav,0
779,RUG12_20190814_060000.wav,0
780,RUG12_20190814_140000.wav,0
781,RUG12_20190814_140000.wav,0
782,RUG12_20190814_140000.wav,0
783,RUG12_20190814_140000.wav,0
784,RUG12_20190814_140000.wav,0
785,RUG12_20190814_140000.wav,0
786,RUG12_20190814_140000.wav,0
787,RUG12_20190814_140000.wav,0
788,RUG12_20190814_140000.wav,0
789,RUG12_20190814_140000.wav,0
790,RUG12_20190814_140000.wav,0
791,RUG12_20190814_140000.wav,0
792,RUG12_20190814_140000.wav,0
793,RUG12_20190814_140000.wav,0
794,RUG12_20190814_140000.wav,0
795,RUG12_20190814_140000.wav,0
796,RUG12_20190814_140000.wav,0
797,RUG12_20190814_140000.wav,0
798,RUG12_20190814_140000.wav,0
799,RUG12_20190814_140000.wav,0
800,RUG12_20190814_143000.wav,0
801,RUG12_20190814_143000.wav,0
802,RUG12_20190814_143000.wav,0
803,RUG12_20190814_143000.wav,0
804,RUG12_20190814_143000.wav,0
805,RUG12_20190814_143000.wav,0
806,RUG12_20190814_143000.wav,0
807,RUG12_20190814_143000.wav,0
808,RUG12_20190814_143000.wav,0
809,RUG12_20190814_143000.wav,0
810,RUG12_20190814_143000.wav,0
811,RUG12_20190814_143000.wav,0
812,RUG12_20190814_143000.wav,0
813,RUG12_20190814_143000.wav,0
814,RUG12_20190814_143000.wav,0
815,RUG12_20190814_143000.wav,0
816,RUG12_20190814_143000.wav,0
817,RUG12_20190814_143000.wav,0
818,RUG12_20190814_143000.wav,0
819,RUG12_20190814_143000.wav,0
820,RUG12_20190815_090000.wav,0
821,RUG12_20190815_090000.wav,0
822,RUG12_20190815_090000.wav,0
823,RUG12_20190815_090000.wav,0
824,RUG12_20190815_090000.wav,0
825,RUG12_20190815_090000.wav,0
826,RUG12_20190815_090000.wav,0
827,RUG12_20190815_090000.wav,0
828,RUG12_20190815_090000.wav,0
829,RUG12_20190815_090000.wav,0
830,RUG12_20190815_090000.wav,0
831,RUG12_20190815_090000.wav,0
832,RUG12_20190815_090000.wav,0
833,RUG12_20190815_090000.wav,0
834,RUG12_20190815_090000.wav,0
835,RUG12_20190815_090000.wav,0
836,RUG12_20190815_090000.wav,0
837,RUG12_20190815_090000.wav,0
838,RUG12_20190815_090000.wav,0
839,RUG12_20190815_090000.wav,0
840,RUG12_20190815_150000.wav,0
841,RUG12_20190815_150000.wav,0
842,RUG12_20190815_150000.wav,0
843,RUG12_20190815_150000.wav,0
844,RUG12_20190815_150000.wav,0
845,RUG12_20190815_150000.wav,0
846,RUG12_20190815_150000.wav,0
847,RUG12_20190815_150000.wav,0
848,RUG12_20190815_150000.wav,0
849,RUG12_20190815_150000.wav,0
850,RUG12_20190815_150000.wav,0
851,RUG12_20190815_150000.wav,0
852,RUG12_20190815_150000.wav,0
853,RUG12_20190815_150000.wav,0
854,RUG12_20190815_150000.wav,0
855,RUG12_20190815_150000.wav,0
856,RUG12_20190815_150000.wav,0
857,RUG12_20190815_150000.wav,0
858,RUG12_20190815_150000.wav,0
859,RUG12_20190815_150000.wav,0
860,RUG12_20190816_060000.wav,0
861,RUG12_20190816_060000.wav,0
862,RUG12_20190816_060000.wav,0
863,RUG12_20190816_060000.wav,0
864,RUG12_20190816_060000.wav,0
865,RUG12_20190816_060000.wav,0
866,RUG12_20190816_060000.wav,0
867,RUG12_20190816_060000.wav,0
868,RUG12_20190816_060000.wav,0
869,RUG12_20190816_060000.wav,0
870,RUG12_20190816_060000.wav,0
871,RUG12_20190816_060000.wav,0
872,RUG12_20190816_060000.wav,0
873,RUG12_20190816_060000.wav,0
874,RUG12_20190816_060000.wav,0
875,RUG12_20190816_060000.wav,0
876,RUG12_20190816_060000.wav,0
877,RUG12_20190816_060000.wav,0
878,RUG12_20190816_060000.wav,0
879,RUG12_20190816_060000.wav,0
880,RUG12_20190816_073000.wav,0
881,RUG12_20190816_073000.wav,0
882,RUG12_20190816_073000.wav,1
883,RUG12_20190816_073000.wav,1
884,RUG12_20190816_073000.wav,1
885,RUG12_20190816_073000.wav,1
886,RUG12_20190816_073000.wav,1
887,RUG12_20190816_073000.wav,0
888,RUG12_20190816_073000.wav,0
889,RUG12_20190816_073000.wav,0
890,RUG12_20190816_073000.wav,0
891,RUG12_20190816_073000.wav,0
892,RUG12_20190816_073000.wav,0
893,RUG12_20190816_073000.wav,0
894,RUG12_20190816_073000.wav,0
895,RUG12_20190816_073000.wav,0
896,RUG12_20190816_073000.wav,0
897,RUG12_20190816_073000.wav,0
898,RUG12_20190816_073000.wav,0
899,RUG12_20190816_073000.wav,1
900,RUG12_20190816_093000.wav,0
901,RUG12_20190816_093000.wav,0
902,RUG12_20190816_093000.wav,0
903,RUG12_20190816_093000.wav,0
904,RUG12_20190816_093000.wav,0
905,RUG12_20190816_093000.wav,0
906,RUG12_20190816_093000.wav,0
907,RUG12_20190816_093000.wav,0
908,RUG12_20190816_093000.wav,0
909,RUG12_20190816_093000.wav,0
910,RUG12_20190816_093000.wav,0
911,RUG12_20190816_093000.wav,0
912,RUG12_20190816_093000.wav,0
913,RUG12_20190816_093000.wav,0
914,RUG12_20190816_093000.wav,0
915,RUG12_20190816_093000.wav,0
916,RUG12_20190816_093000.wav,0
917,RUG12_20190816_093000.wav,0
918,RUG12_20190816_093000.wav,0
919,RUG12_20190816_093000.wav,0
920,RUG12_20190816_110000.wav,0
921,RUG12_20190816_110000.wav,0
922,RUG12_20190816_110000.wav,0
923,RUG12_20190816_110000.wav,0
924,RUG12_20190816_110000.wav,0
925,RUG12_20190816_110000.wav,0
926,RUG12_20190816_110000.wav,0
927,RUG12_20190816_110000.wav,0
928,RUG12_20190816_110000.wav,0
929,RUG12_20190816_110000.wav,0
930,RUG12_20190816_110000.wav,0
931,RUG12_20190816_110000.wav,0
932,RUG12_20190816_110000.wav,0
933,RUG12_20190816_110000.wav,0
934,RUG12_20190816_110000.wav,0
935,RUG12_20190816_110000.wav,0
936,RUG12_20190816_110000.wav,0
937,RUG12_20190816_110000.wav,0
938,RUG12_20190816_110000.wav,0
939,RUG12_20190816_110000.wav,0
940,RUG12_20190816_180000.wav,0
941,RUG12_20190816_180000.wav,0
942,RUG12_20190816_180000.wav,0
943,RUG12_20190816_180000.wav,0
944,RUG12_20190816_180000.wav,0
945,RUG12_20190816_180000.wav,0
946,RUG12_20190816_180000.wav,0
947,RUG12_20190816_180000.wav,0
948,RUG12_20190816_180000.wav,0
949,RUG12_20190816_180000.wav,0
950,RUG12_20190816_180000.wav,0
951,RUG12_20190816_180000.wav,0
952,RUG12_20190816_180000.wav,0
953,RUG12_20190816_180000.wav,0
954,RUG12_20190816_180000.wav,0
955,RUG12_20190816_180000.wav,0
956,RUG12_20190816_180000.wav,0
957,RUG12_20190816_180000.wav,0
958,RUG12_20190816_180000.wav,0
959,RUG12_20190816_180000.wav,0
960,RUG12_20190817_093000.wav,0
961,RUG12_20190817_093000.wav,0
962,RUG12_20190817_093000.wav,0
963,RUG12_20190817_093000.wav,0
964,RUG12_20190817_093000.wav,0
965,RUG12_20190817_093000.wav,0
966,RUG12_20190817_093000.wav,0
967,RUG12_20190817_093000.wav,0
968,RUG12_20190817_093000.wav,0
969,RUG12_20190817_093000.wav,0
970,RUG12_20190817_093000.wav,0
971,RUG12_20190817_093000.wav,0
972,RUG12_20190817_093000.wav,0
973,RUG12_20190817_093000.wav,0
974,RUG12_20190817_093000.wav,0
975,RUG12_20190817_093000.wav,0
976,RUG12_20190817_093000.wav,0
977,RUG12_20190817_093000.wav,0
978,RUG12_20190817_093000.wav,0
979,RUG12_20190817_093000.wav,0
980,RUG12_20190817_133000.wav,0
981,RUG12_20190817_133000.wav,0
982,RUG12_20190817_133000.wav,0
983,RUG12_20190817_133000.wav,0
984,RUG12_20190817_133000.wav,0
985,RUG12_20190817_133000.wav,0
986,RUG12_20190817_133000.wav,0
987,RUG12_20190817_133000.wav,0
988,RUG12_20190817_133000.wav,0
989,RUG12_20190817_133000.wav,0
990,RUG12_20190817_133000.wav,0
991,RUG12_20190817_133000.wav,0
992,RUG12_20190817_133000.wav,0
993,RUG12_20190817_133000.wav,0
994,RUG12_20190817_133000.wav,0
995,RUG12_20190817_133000.wav,0
996,RUG12_20190817_133000.wav,0
997,RUG12_20190817_133000.wav,0
998,RUG12_20190817_133000.wav,0
999,RUG12_20190817_133000.wav,0
1000,RUG12_20190818_080000.wav,0
1001,RUG12_20190818_080000.wav,0
1002,RUG12_20190818_080000.wav,0
1003,RUG12_20190818_080000.wav,0
1004,RUG12_20190818_080000.wav,0
1005,RUG12_20190818_080000.wav,0
1006,RUG12_20190818_080000.wav,0
1007,RUG12_20190818_080000.wav,0
1008,RUG12_20190818_080000.wav,0
1009,RUG12_20190818_080000.wav,0
1010,RUG12_20190818_080000.wav,0
1011,RUG12_20190818_080000.wav,0
1012,RUG12_20190818_080000.wav,0
1013,RUG12_20190818_080000.wav,0
1014,RUG12_20190818_080000.wav,0
1015,RUG12_20190818_080000.wav,0
1016,RUG12_20190818_080000.wav,0
1017,RUG12_20190818_080000.wav,0
1018,RUG12_20190818_080000.wav,0
1019,RUG12_20190818_080000.wav,0
1020,RUG12_20190818_113000.wav,0
1021,RUG12_20190818_113000.wav,0
1022,RUG12_20190818_113000.wav,0
1023,RUG12_20190818_113000.wav,0
1024,RUG12_20190818_113000.wav,0
1025,RUG12_20190818_113000.wav,0
1026,RUG12_20190818_113000.wav,0
1027,RUG12_20190818_113000.wav,0
1028,RUG12_20190818_113000.wav,0
1029,RUG12_20190818_113000.wav,0
1030,RUG12_20190818_113000.wav,0
1031,RUG12_20190818_113000.wav,0
1032,RUG12_20190818_113000.wav,0
1033,RUG12_20190818_113000.wav,0
1034,RUG12_20190818_113000.wav,0
1035,RUG12_20190818_113000.wav,0
1036,RUG12_20190818_113000.wav,0
1037,RUG12_20190818_113000.wav,0
1038,RUG12_20190818_113000.wav,0
1039,RUG12_20190818_113000.wav,0
1040,RUG12_20190818_130000.wav,0
1041,RUG12_20190818_130000.wav,0
1042,RUG12_20190818_130000.wav,0
1043,RUG12_20190818_130000.wav,0
1044,RUG12_20190818_130000.wav,0
1045,RUG12_20190818_130000.wav,0
1046,RUG12_20190818_130000.wav,0
1047,RUG12_20190818_130000.wav,0
1048,RUG12_20190818_130000.wav,0
1049,RUG12_20190818_130000.wav,0
1050,RUG12_20190818_130000.wav,0
1051,RUG12_20190818_130000.wav,0
1052,RUG12_20190818_130000.wav,0
1053,RUG12_20190818_130000.wav,0
1054,RUG12_20190818_130000.wav,0
1055,RUG12_20190818_130000.wav,0
1056,RUG12_20190818_130000.wav,0
1057,RUG12_20190818_130000.wav,0
1058,RUG12_20190818_130000.wav,0
1059,RUG12_20190818_130000.wav,0
1060,RUG12_20190819_083000.wav,0
1061,RUG12_20190819_083000.wav,0
1062,RUG12_20190819_083000.wav,0
1063,RUG12_20190819_083000.wav,0
1064,RUG12_20190819_083000.wav,0
1065,RUG12_20190819_083000.wav,0
1066,RUG12_20190819_083000.wav,0
1067,RUG12_20190819_083000.wav,0
1068,RUG12_20190819_083000.wav,0
1069,RUG12_20190819_083000.wav,0
1070,RUG12_20190819_083000.wav,0
1071,RUG12_20190819_083000.wav,0
1072,RUG12_20190819_083000.wav,0
1073,RUG12_20190819_083000.wav,0
1074,RUG12_20190819_083000.wav,0
1075,RUG12_20190819_083000.wav,0
1076,RUG12_20190819_083000.wav,0
1077,RUG12_20190819_083000.wav,0
1078,RUG12_20190819_083000.wav,0
1079,RUG12_20190819_083000.wav,0
1080,RUG12_20190819_120000.wav,0
1081,RUG12_20190819_120000.wav,0
1082,RUG12_20190819_120000.wav,0
1083,RUG12_20190819_120000.wav,0
1084,RUG12_20190819_120000.wav,0
1085,RUG12_20190819_120000.wav,0
1086,RUG12_20190819_120000.wav,0
1087,RUG12_20190819_120000.wav,0
1088,RUG12_20190819_120000.wav,0
1089,RUG12_20190819_120000.wav,0
1090,RUG12_20190819_120000.wav,0
1091,RUG12_20190819_120000.wav,0
1092,RUG12_20190819_120000.wav,0
1093,RUG12_20190819_120000.wav,0
1094,RUG12_20190819_120000.wav,0
1095,RUG12_20190819_120000.wav,0
1096,RUG12_20190819_120000.wav,0
1097,RUG12_20190819_120000.wav,0
1098,RUG12_20190819_120000.wav,0
1099,RUG12_20190819_120000.wav,0
1100,RUG12_20190820_173000.wav,0
1101,RUG12_20190820_173000.wav,0
1102,RUG12_20190820_173000.wav,0
1103,RUG12_20190820_173000.wav,0
1104,RUG12_20190820_173000.wav,0
1105,RUG12_20190820_173000.wav,0
1106,RUG12_20190820_173000.wav,0
1107,RUG12_20190820_173000.wav,0
1108,RUG12_20190820_173000.wav,0
1109,RUG12_20190820_173000.wav,0
1110,RUG12_20190820_173000.wav,0
1111,RUG12_20190820_173000.wav,0
1112,RUG12_20190820_173000.wav,0
1113,RUG12_20190820_173000.wav,0
1114,RUG12_20190820_173000.wav,0
1115,RUG12_20190820_173000.wav,0
1116,RUG12_20190820_173000.wav,0
1117,RUG12_20190820_173000.wav,0
1118,RUG12_20190820_173000.wav,0
1119,RUG12_20190820_173000.wav,0
1120,RUG12_20190820_183000.wav,0
1121,RUG12_20190820_183000.wav,0
1122,RUG12_20190820_183000.wav,0
1123,RUG12_20190820_183000.wav,0
1124,RUG12_20190820_183000.wav,0
1125,RUG12_20190820_183000.wav,0
1126,RUG12_20190820_183000.wav,0
1127,RUG12_20190820_183000.wav,0
1128,RUG12_20190820_183000.wav,0
1129,RUG12_20190820_183000.wav,0
1130,RUG12_20190820_183000.wav,0
1131,RUG12_20190820_183000.wav,0
1132,RUG12_20190820_183000.wav,0
1133,RUG12_20190820_183000.wav,0
1134,RUG12_20190820_183000.wav,0
1135,RUG12_20190820_183000.wav,0
1136,RUG12_20190820_183000.wav,0
1137,RUG12_20190820_183000.wav,0
1138,RUG12_20190820_183000.wav,0
1139,RUG12_20190820_183000.wav,0
1140,RUG12_20190821_063000.wav,0
1141,RUG12_20190821_063000.wav,0
1142,RUG12_20190821_063000.wav,0
1143,RUG12_20190821_063000.wav,0
1144,RUG12_20190821_063000.wav,0
1145,RUG12_20190821_063000.wav,0
1146,RUG12_20190821_063000.wav,0
1147,RUG12_20190821_063000.wav,0
1148,RUG12_20190821_063000.wav,0
1149,RUG12_20190821_063000.wav,0
1150,RUG12_20190821_063000.wav,0
1151,RUG12_20190821_063000.wav,0
1152,RUG12_20190821_063000.wav,0
1153,RUG12_20190821_063000.wav,0
1154,RUG12_20190821_063000.wav,0
1155,RUG12_20190821_063000.wav,0
1156,RUG12_20190821_063000.wav,0
1157,RUG12_20190821_063000.wav,0
1158,RUG12_20190821_063000.wav,0
1159,RUG12_20190821_063000.wav,0
1160,RUG12_20190821_140000.wav,0
1161,RUG12_20190821_140000.wav,0
1162,RUG12_20190821_140000.wav,0
1163,RUG12_20190821_140000.wav,0
1164,RUG12_20190821_140000.wav,0
1165,RUG12_20190821_140000.wav,0
1166,RUG12_20190821_140000.wav,0
1167,RUG12_20190821_140000.wav,0
1168,RUG12_20190821_140000.wav,0
1169,RUG12_20190821_140000.wav,0
1170,RUG12_20190821_140000.wav,0
1171,RUG12_20190821_140000.wav,0
1172,RUG12_20190821_140000.wav,0
1173,RUG12_20190821_140000.wav,0
1174,RUG12_20190821_140000.wav,0
1175,RUG12_20190821_140000.wav,0
1176,RUG12_20190821_140000.wav,0
1177,RUG12_20190821_140000.wav,0
1178,RUG12_20190821_140000.wav,1
1179,RUG12_20190821_140000.wav,1
1180,RUG12_20190822_070000.wav,0
1181,RUG12_20190822_070000.wav,0
1182,RUG12_20190822_070000.wav,0
1183,RUG12_20190822_070000.wav,0
1184,RUG12_20190822_070000.wav,0
1185,RUG12_20190822_070000.wav,0
1186,RUG12_20190822_070000.wav,0
1187,RUG12_20190822_070000.wav,0
1188,RUG12_20190822_070000.wav,0
1189,RUG12_20190822_070000.wav,0
1190,RUG12_20190822_070000.wav,0
1191,RUG12_20190822_070000.wav,0
1192,RUG12_20190822_070000.wav,0
1193,RUG12_20190822_070000.wav,0
1194,RUG12_20190822_070000.wav,0
1195,RUG12_20190822_070000.wav,0
1196,RUG12_20190822_070000.wav,0
1197,RUG12_20190822_070000.wav,0
1198,RUG12_20190822_070000.wav,0
1199,RUG12_20190822_070000.wav,0
1200,RUG12_20190823_070000.wav,0
1201,RUG12_20190823_070000.wav,0
1202,RUG12_20190823_070000.wav,0
1203,RUG12_20190823_070000.wav,0
1204,RUG12_20190823_070000.wav,0
1205,RUG12_20190823_070000.wav,0
1206,RUG12_20190823_070000.wav,0
1207,RUG12_20190823_070000.wav,0
1208,RUG12_20190823_070000.wav,0
1209,RUG12_20190823_070000.wav,0
1210,RUG12_20190823_070000.wav,0
1211,RUG12_20190823_070000.wav,0
1212,RUG12_20190823_070000.wav,0
1213,RUG12_20190823_070000.wav,0
1214,RUG12_20190823_070000.wav,0
1215,RUG12_20190823_070000.wav,0
1216,RUG12_20190823_070000.wav,0
1217,RUG12_20190823_070000.wav,0
1218,RUG12_20190823_070000.wav,0
1219,RUG12_20190823_070000.wav,0
1220,RUG12_20190823_093000.wav,0
1221,RUG12_20190823_093000.wav,0
1222,RUG12_20190823_093000.wav,0
1223,RUG12_20190823_093000.wav,0
1224,RUG12_20190823_093000.wav,0
1225,RUG12_20190823_093000.wav,0
1226,RUG12_20190823_093000.wav,0
1227,RUG12_20190823_093000.wav,0
1228,RUG12_20190823_093000.wav,0
1229,RUG12_20190823_093000.wav,0
1230,RUG12_20190823_093000.wav,0
1231,RUG12_20190823_093000.wav,0
1232,RUG12_20190823_093000.wav,0
1233,RUG12_20190823_093000.wav,0
1234,RUG12_20190823_093000.wav,0
1235,RUG12_20190823_093000.wav,0
1236,RUG12_20190823_093000.wav,0
1237,RUG12_20190823_093000.wav,0
1238,RUG12_20190823_093000.wav,0
1239,RUG12_20190823_093000.wav,0
1240,RUG12_20190823_100000.wav,0
1241,RUG12_20190823_100000.wav,0
1242,RUG12_20190823_100000.wav,0
1243,RUG12_20190823_100000.wav,0
1244,RUG12_20190823_100000.wav,0
1245,RUG12_20190823_100000.wav,0
1246,RUG12_20190823_100000.wav,0
1247,RUG12_20190823_100000.wav,0
1248,RUG12_20190823_100000.wav,0
1249,RUG12_20190823_100000.wav,0
1250,RUG12_20190823_100000.wav,0
1251,RUG12_20190823_100000.wav,0
1252,RUG12_20190823_100000.wav,0
1253,RUG12_20190823_100000.wav,0
1254,RUG12_20190823_100000.wav,0
1255,RUG12_20190823_100000.wav,0
1256,RUG12_20190823_100000.wav,0
1257,RUG12_20190823_100000.wav,0
1258,RUG12_20190823_100000.wav,0
1259,RUG12_20190823_100000.wav,0
1260,RUG12_20190824_063000.wav,0
1261,RUG12_20190824_063000.wav,0
1262,RUG12_20190824_063000.wav,0
1263,RUG12_20190824_063000.wav,0
1264,RUG12_20190824_063000.wav,0
1265,RUG12_20190824_063000.wav,0
1266,RUG12_20190824_063000.wav,0
1267,RUG12_20190824_063000.wav,0
1268,RUG12_20190824_063000.wav,0
1269,RUG12_20190824_063000.wav,0
1270,RUG12_20190824_063000.wav,0
1271,RUG12_20190824_063000.wav,0
1272,RUG12_20190824_063000.wav,0
1273,RUG12_20190824_063000.wav,0
1274,RUG12_20190824_063000.wav,0
1275,RUG12_20190824_063000.wav,0
1276,RUG12_20190824_063000.wav,0
1277,RUG12_20190824_063000.wav,0
1278,RUG12_20190824_063000.wav,0
1279,RUG12_20190824_063000.wav,0
1280,RUG12_20190824_113000.wav,0
1281,RUG12_20190824_113000.wav,0
1282,RUG12_20190824_113000.wav,0
1283,RUG12_20190824_113000.wav,0
1284,RUG12_20190824_113000.wav,0
1285,RUG12_20190824_113000.wav,0
1286,RUG12_20190824_113000.wav,0
1287,RUG12_20190824_113000.wav,0
1288,RUG12_20190824_113000.wav,0
1289,RUG12_20190824_113000.wav,0
1290,RUG12_20190824_113000.wav,1
1291,RUG12_20190824_113000.wav,1
1292,RUG12_20190824_113000.wav,0
1293,RUG12_20190824_113000.wav,0
1294,RUG12_20190824_113000.wav,0
1295,RUG12_20190824_113000.wav,0
1296,RUG12_20190824_113000.wav,0
1297,RUG12_20190824_113000.wav,0
1298,RUG12_20190824_113000.wav,0
1299,RUG12_20190824_113000.wav,0
1300,RUG12_20190824_173000.wav,0
1301,RUG12_20190824_173000.wav,0
1302,RUG12_20190824_173000.wav,0
1303,RUG12_20190824_173000.wav,0
1304,RUG12_20190824_173000.wav,0
1305,RUG12_20190824_173000.wav,0
1306,RUG12_20190824_173000.wav,0
1307,RUG12_20190824_173000.wav,0
1308,RUG12_20190824_173000.wav,0
1309,RUG12_20190824_173000.wav,0
1310,RUG12_20190824_173000.wav,0
1311,RUG12_20190824_173000.wav,0
1312,RUG12_20190824_173000.wav,0
1313,RUG12_20190824_173000.wav,0
1314,RUG12_20190824_173000.wav,0
1315,RUG12_20190824_173000.wav,0
1316,RUG12_20190824_173000.wav,0
1317,RUG12_20190824_173000.wav,0
1318,RUG12_20190824_173000.wav,0
1319,RUG12_20190824_173000.wav,0
1320,RUG12_20190824_183000.wav,0
1321,RUG12_20190824_183000.wav,0
1322,RUG12_20190824_183000.wav,0
1323,RUG12_20190824_183000.wav,0
1324,RUG12_20190824_183000.wav,0
1325,RUG12_20190824_183000.wav,0
1326,RUG12_20190824_183000.wav,0
1327,RUG12_20190824_183000.wav,0
1328,RUG12_20190824_183000.wav,0
1329,RUG12_20190824_183000.wav,0
1330,RUG12_20190824_183000.wav,0
1331,RUG12_20190824_183000.wav,0
1332,RUG12_20190824_183000.wav,0
1333,RUG12_20190824_183000.wav,0
1334,RUG12_20190824_183000.wav,0
1335,RUG12_20190824_183000.wav,0
1336,RUG12_20190824_183000.wav,0
1337,RUG12_20190824_183000.wav,0
1338,RUG12_20190824_183000.wav,0
1339,RUG12_20190824_183000.wav,0
1340,RUG12_20190825_063000.wav,0
1341,RUG12_20190825_063000.wav,0
1342,RUG12_20190825_063000.wav,0
1343,RUG12_20190825_063000.wav,0
1344,RUG12_20190825_063000.wav,0
1345,RUG12_20190825_063000.wav,0
1346,RUG12_20190825_063000.wav,0
1347,RUG12_20190825_063000.wav,0
1348,RUG12_20190825_063000.wav,0
1349,RUG12_20190825_063000.wav,0
1350,RUG12_20190825_063000.wav,0
1351,RUG12_20190825_063000.wav,0
1352,RUG12_20190825_063000.wav,0
1353,RUG12_20190825_063000.wav,0
1354,RUG12_20190825_063000.wav,0
1355,RUG12_20190825_063000.wav,0
1356,RUG12_20190825_063000.wav,0
1357,RUG12_20190825_063000.wav,0
1358,RUG12_20190825_063000.wav,0
1359,RUG12_20190825_063000.wav,0
1360,RUG12_20190825_093000.wav,0
1361,RUG12_20190825_093000.wav,0
1362,RUG12_20190825_093000.wav,0
1363,RUG12_20190825_093000.wav,0
1364,RUG12_20190825_093000.wav,0
1365,RUG12_20190825_093000.wav,0
1366,RUG12_20190825_093000.wav,0
1367,RUG12_20190825_093000.wav,0
1368,RUG12_20190825_093000.wav,0
1369,RUG12_20190825_093000.wav,0
1370,RUG12_20190825_093000.wav,0
1371,RUG12_20190825_093000.wav,0
1372,RUG12_20190825_093000.wav,0
1373,RUG12_20190825_093000.wav,0
1374,RUG12_20190825_093000.wav,0
1375,RUG12_20190825_093000.wav,0
1376,RUG12_20190825_093000.wav,0
1377,RUG12_20190825_093000.wav,0
1378,RUG12_20190825_093000.wav,0
1379,RUG12_20190825_093000.wav,0
1380,RUG12_20190825_123000.wav,0
1381,RUG12_20190825_123000.wav,0
1382,RUG12_20190825_123000.wav,0
1383,RUG12_20190825_123000.wav,0
1384,RUG12_20190825_123000.wav,0
1385,RUG12_20190825_123000.wav,0
1386,RUG12_20190825_123000.wav,0
1387,RUG12_20190825_123000.wav,0
1388,RUG12_20190825_123000.wav,0
1389,RUG12_20190825_123000.wav,0
1390,RUG12_20190825_123000.wav,0
1391,RUG12_20190825_123000.wav,0
1392,RUG12_20190825_123000.wav,0
1393,RUG12_20190825_123000.wav,0
1394,RUG12_20190825_123000.wav,0
1395,RUG12_20190825_123000.wav,0
1396,RUG12_20190825_123000.wav,0
1397,RUG12_20190825_123000.wav,0
1398,RUG12_20190825_123000.wav,0
1399,RUG12_20190825_123000.wav,0
1400,RUG12_20190825_140000.wav,0
1401,RUG12_20190825_140000.wav,0
1402,RUG12_20190825_140000.wav,0
1403,RUG12_20190825_140000.wav,0
1404,RUG12_20190825_140000.wav,0
1405,RUG12_20190825_140000.wav,0
1406,RUG12_20190825_140000.wav,0
1407,RUG12_20190825_140000.wav,0
1408,RUG12_20190825_140000.wav,0
1409,RUG12_20190825_140000.wav,0
1410,RUG12_20190825_140000.wav,0
1411,RUG12_20190825_140000.wav,0
1412,RUG12_20190825_140000.wav,0
1413,RUG12_20190825_140000.wav,0
1414,RUG12_20190825_140000.wav,0
1415,RUG12_20190825_140000.wav,0
1416,RUG12_20190825_140000.wav,0
1417,RUG12_20190825_140000.wav,0
1418,RUG12_20190825_140000.wav,0
1419,RUG12_20190825_140000.wav,0
1420,RUG12_20190826_083000.wav,0
1421,RUG12_20190826_083000.wav,0
1422,RUG12_20190826_083000.wav,0
1423,RUG12_20190826_083000.wav,0
1424,RUG12_20190826_083000.wav,0
1425,RUG12_20190826_083000.wav,0
1426,RUG12_20190826_083000.wav,0
1427,RUG12_20190826_083000.wav,0
1428,RUG12_20190826_083000.wav,0
1429,RUG12_20190826_083000.wav,0
1430,RUG12_20190826_083000.wav,0
1431,RUG12_20190826_083000.wav,0
1432,RUG12_20190826_083000.wav,0
1433,RUG12_20190826_083000.wav,0
1434,RUG12_20190826_083000.wav,0
1435,RUG12_20190826_083000.wav,0
1436,RUG12_20190826_083000.wav,0
1437,RUG12_20190826_083000.wav,0
1438,RUG12_20190826_083000.wav,0
1439,RUG12_20190826_083000.wav,0
1440,RUG12_20190826_123000.wav,0
1441,RUG12_20190826_123000.wav,0
1442,RUG12_20190826_123000.wav,0
1443,RUG12_20190826_123000.wav,0
1444,RUG12_20190826_123000.wav,0
1445,RUG12_20190826_123000.wav,0
1446,RUG12_20190826_123000.wav,0
1447,RUG12_20190826_123000.wav,0
1448,RUG12_20190826_123000.wav,0
1449,RUG12_20190826_123000.wav,0
1450,RUG12_20190826_123000.wav,0
1451,RUG12_20190826_123000.wav,0
1452,RUG12_20190826_123000.wav,0
1453,RUG12_20190826_123000.wav,0
1454,RUG12_20190826_123000.wav,0
1455,RUG12_20190826_123000.wav,0
1456,RUG12_20190826_123000.wav,0
1457,RUG12_20190826_123000.wav,0
1458,RUG12_20190826_123000.wav,0
1459,RUG12_20190826_123000.wav,0
1460,RUG12_20190826_133000.wav,1
1461,RUG12_20190826_133000.wav,1
1462,RUG12_20190826_133000.wav,0
1463,RUG12_20190826_133000.wav,0
1464,RUG12_20190826_133000.wav,0
1465,RUG12_20190826_133000.wav,0
1466,RUG12_20190826_133000.wav,1
1467,RUG12_20190826_133000.wav,0
1468,RUG12_20190826_133000.wav,0
1469,RUG12_20190826_133000.wav,0
1470,RUG12_20190826_133000.wav,0
1471,RUG12_20190826_133000.wav,0
1472,RUG12_20190826_133000.wav,0
1473,RUG12_20190826_133000.wav,0
1474,RUG12_20190826_133000.wav,0
1475,RUG12_20190826_133000.wav,0
1476,RUG12_20190826_133000.wav,0
1477,RUG12_20190826_133000.wav,0
1478,RUG12_20190826_133000.wav,0
1479,RUG12_20190826_133000.wav,0
1480,RUG12_20190827_120000.wav,0
1481,RUG12_20190827_120000.wav,0
1482,RUG12_20190827_120000.wav,0
1483,RUG12_20190827_120000.wav,0
1484,RUG12_20190827_120000.wav,0
1485,RUG12_20190827_120000.wav,0
1486,RUG12_20190827_120000.wav,0
1487,RUG12_20190827_120000.wav,0
1488,RUG12_20190827_120000.wav,0
1489,RUG12_20190827_120000.wav,0
1490,RUG12_20190827_120000.wav,0
1491,RUG12_20190827_120000.wav,0
1492,RUG12_20190827_120000.wav,0
1493,RUG12_20190827_120000.wav,0
1494,RUG12_20190827_120000.wav,0
1495,RUG12_20190827_120000.wav,0
1496,RUG12_20190827_120000.wav,0
1497,RUG12_20190827_120000.wav,0
1498,RUG12_20190827_120000.wav,0
1499,RUG12_20190827_120000.wav,0
1500,RUG12_20190827_123000.wav,0
1501,RUG12_20190827_123000.wav,0
1502,RUG12_20190827_123000.wav,0
1503,RUG12_20190827_123000.wav,0
1504,RUG12_20190827_123000.wav,0
1505,RUG12_20190827_123000.wav,0
1506,RUG12_20190827_123000.wav,0
1507,RUG12_20190827_123000.wav,0
1508,RUG12_20190827_123000.wav,0
1509,RUG12_20190827_123000.wav,0
1510,RUG12_20190827_123000.wav,0
1511,RUG12_20190827_123000.wav,0
1512,RUG12_20190827_123000.wav,0
1513,RUG12_20190827_123000.wav,0
1514,RUG12_20190827_123000.wav,0
1515,RUG12_20190827_123000.wav,0
1516,RUG12_20190827_123000.wav,0
1517,RUG12_20190827_123000.wav,0
1518,RUG12_20190827_123000.wav,0
1519,RUG12_20190827_123000.wav,0
1520,RUG12_20190827_160000.wav,0
1521,RUG12_20190827_160000.wav,0
1522,RUG12_20190827_160000.wav,0
1523,RUG12_20190827_160000.wav,0
1524,RUG12_20190827_160000.wav,0
1525,RUG12_20190827_160000.wav,0
1526,RUG12_20190827_160000.wav,0
1527,RUG12_20190827_160000.wav,0
1528,RUG12_20190827_160000.wav,0
1529,RUG12_20190827_160000.wav,0
1530,RUG12_20190827_160000.wav,0
1531,RUG12_20190827_160000.wav,0
1532,RUG12_20190827_160000.wav,0
1533,RUG12_20190827_160000.wav,0
1534,RUG12_20190827_160000.wav,0
1535,RUG12_20190827_160000.wav,1
1536,RUG12_20190827_160000.wav,0
1537,RUG12_20190827_160000.wav,0
1538,RUG12_20190827_160000.wav,0
1539,RUG12_20190827_160000.wav,0
1540,RUG12_20190828_103000.wav,0
1541,RUG12_20190828_103000.wav,0
1542,RUG12_20190828_103000.wav,0
1543,RUG12_20190828_103000.wav,0
1544,RUG12_20190828_103000.wav,0
1545,RUG12_20190828_103000.wav,0
1546,RUG12_20190828_103000.wav,0
1547,RUG12_20190828_103000.wav,0
1548,RUG12_20190828_103000.wav,0
1549,RUG12_20190828_103000.wav,0
1550,RUG12_20190828_103000.wav,0
1551,RUG12_20190828_103000.wav,0
1552,RUG12_20190828_103000.wav,0
1553,RUG12_20190828_103000.wav,0
1554,RUG12_20190828_103000.wav,0
1555,RUG12_20190828_103000.wav,0
1556,RUG12_20190828_103000.wav,0
1557,RUG12_20190828_103000.wav,0
1558,RUG12_20190828_103000.wav,0
1559,RUG12_20190828_103000.wav,0
1560,RUG12_20190828_120000.wav,0
1561,RUG12_20190828_120000.wav,0
1562,RUG12_20190828_120000.wav,0
1563,RUG12_20190828_120000.wav,0
1564,RUG12_20190828_120000.wav,0
1565,RUG12_20190828_120000.wav,0
1566,RUG12_20190828_120000.wav,0
1567,RUG12_20190828_120000.wav,0
1568,RUG12_20190828_120000.wav,0
1569,RUG12_20190828_120000.wav,0
1570,RUG12_20190828_120000.wav,0
1571,RUG12_20190828_120000.wav,0
1572,RUG12_20190828_120000.wav,0
1573,RUG12_20190828_120000.wav,0
1574,RUG12_20190828_120000.wav,0
1575,RUG12_20190828_120000.wav,0
1576,RUG12_20190828_120000.wav,0
1577,RUG12_20190828_120000.wav,0
1578,RUG12_20190828_120000.wav,0
1579,RUG12_20190828_120000.wav,0
1580,RUG12_20190828_153000.wav,1
1581,RUG12_20190828_153000.wav,1
1582,RUG12_20190828_153000.wav,1
1583,RUG12_20190828_153000.wav,0
1584,RUG12_20190828_153000.wav,0
1585,RUG12_20190828_153000.wav,0
1586,RUG12_20190828_153000.wav,0
1587,RUG12_20190828_153000.wav,0
1588,RUG12_20190828_153000.wav,0
1589,RUG12_20190828_153000.wav,0
1590,RUG12_20190828_153000.wav,0
1591,RUG12_20190828_153000.wav,0
1592,RUG12_20190828_153000.wav,0
1593,RUG12_20190828_153000.wav,0
1594,RUG12_20190828_153000.wav,0
1595,RUG12_20190828_153000.wav,0
1596,RUG12_20190828_153000.wav,0
1597,RUG12_20190828_153000.wav,0
1598,RUG12_20190828_153000.wav,0
1599,RUG12_20190828_153000.wav,0
1600,RUG12_20190828_183000.wav,0
1601,RUG12_20190828_183000.wav,0
1602,RUG12_20190828_183000.wav,0
1603,RUG12_20190828_183000.wav,0
1604,RUG12_20190828_183000.wav,0
1605,RUG12_20190828_183000.wav,0
1606,RUG12_20190828_183000.wav,0
1607,RUG12_20190828_183000.wav,0
1608,RUG12_20190828_183000.wav,0
1609,RUG12_20190828_183000.wav,0
1610,RUG12_20190828_183000.wav,0
1611,RUG12_20190828_183000.wav,0
1612,RUG12_20190828_183000.wav,0
1613,RUG12_20190828_183000.wav,0
1614,RUG12_20190828_183000.wav,0
1615,RUG12_20190828_183000.wav,0
1616,RUG12_20190828_183000.wav,0
1617,RUG12_20190828_183000.wav,0
1618,RUG12_20190828_183000.wav,0
1619,RUG12_20190828_183000.wav,0
1620,RUG12_20190829_060000.wav,0
1621,RUG12_20190829_060000.wav,0
1622,RUG12_20190829_060000.wav,0
1623,RUG12_20190829_060000.wav,0
1624,RUG12_20190829_060000.wav,0
1625,RUG12_20190829_060000.wav,0
1626,RUG12_20190829_060000.wav,0
1627,RUG12_20190829_060000.wav,0
1628,RUG12_20190829_060000.wav,0
1629,RUG12_20190829_060000.wav,0
1630,RUG12_20190829_060000.wav,0
1631,RUG12_20190829_060000.wav,0
1632,RUG12_20190829_060000.wav,0
1633,RUG12_20190829_060000.wav,0
1634,RUG12_20190829_060000.wav,0
1635,RUG12_20190829_060000.wav,0
1636,RUG12_20190829_060000.wav,0
1637,RUG12_20190829_060000.wav,0
1638,RUG12_20190829_060000.wav,0
1639,RUG12_20190829_060000.wav,0
1640,RUG12_20190829_090000.wav,0
1641,RUG12_20190829_090000.wav,0
1642,RUG12_20190829_090000.wav,0
1643,RUG12_20190829_090000.wav,0
1644,RUG12_20190829_090000.wav,0
1645,RUG12_20190829_090000.wav,0
1646,RUG12_20190829_090000.wav,0
1647,RUG12_20190829_090000.wav,0
1648,RUG12_20190829_090000.wav,0
1649,RUG12_20190829_090000.wav,0
1650,RUG12_20190829_090000.wav,0
1651,RUG12_20190829_090000.wav,0
1652,RUG12_20190829_090000.wav,0
1653,RUG12_20190829_090000.wav,0
1654,RUG12_20190829_090000.wav,0
1655,RUG12_20190829_090000.wav,0
1656,RUG12_20190829_090000.wav,0
1657,RUG12_20190829_090000.wav,0
1658,RUG12_20190829_090000.wav,0
1659,RUG12_20190829_090000.wav,0
1660,RUG12_20190829_123000.wav,0
1661,RUG12_20190829_123000.wav,0
1662,RUG12_20190829_123000.wav,0
1663,RUG12_20190829_123000.wav,0
1664,RUG12_20190829_123000.wav,0
1665,RUG12_20190829_123000.wav,0
1666,RUG12_20190829_123000.wav,0
1667,RUG12_20190829_123000.wav,0
1668,RUG12_20190829_123000.wav,0
1669,RUG12_20190829_123000.wav,0
1670,RUG12_20190829_123000.wav,0
1671,RUG12_20190829_123000.wav,0
1672,RUG12_20190829_123000.wav,0
1673,RUG12_20190829_123000.wav,0
1674,RUG12_20190829_123000.wav,0
1675,RUG12_20190829_123000.wav,0
1676,RUG12_20190829_123000.wav,0
1677,RUG12_20190829_123000.wav,0
1678,RUG12_20190829_123000.wav,0
1679,RUG12_20190829_123000.wav,0
1680,RUG12_20190829_130000.wav,0
1681,RUG12_20190829_130000.wav,0
1682,RUG12_20190829_130000.wav,0
1683,RUG12_20190829_130000.wav,0
1684,RUG12_20190829_130000.wav,0
1685,RUG12_20190829_130000.wav,0
1686,RUG12_20190829_130000.wav,0
1687,RUG12_20190829_130000.wav,0
1688,RUG12_20190829_130000.wav,0
1689,RUG12_20190829_130000.wav,0
1690,RUG12_20190829_130000.wav,0
1691,RUG12_20190829_130000.wav,0
1692,RUG12_20190829_130000.wav,0
1693,RUG12_20190829_130000.wav,0
1694,RUG12_20190829_130000.wav,0
1695,RUG12_20190829_130000.wav,0
1696,RUG12_20190829_130000.wav,0
1697,RUG12_20190829_130000.wav,0
1698,RUG12_20190829_130000.wav,0
1699,RUG12_20190829_130000.wav,0
1700,RUG12_20190829_153000.wav,0
1701,RUG12_20190829_153000.wav,0
1702,RUG12_20190829_153000.wav,0
1703,RUG12_20190829_153000.wav,0
1704,RUG12_20190829_153000.wav,0
1705,RUG12_20190829_153000.wav,0
1706,RUG12_20190829_153000.wav,0
1707,RUG12_20190829_153000.wav,0
1708,RUG12_20190829_153000.wav,0
1709,RUG12_20190829_153000.wav,0
1710,RUG12_20190829_153000.wav,0
1711,RUG12_20190829_153000.wav,0
1712,RUG12_20190829_153000.wav,0
1713,RUG12_20190829_153000.wav,0
1714,RUG12_20190829_153000.wav,0
1715,RUG12_20190829_153000.wav,0
1716,RUG12_20190829_153000.wav,0
1717,RUG12_20190829_153000.wav,0
1718,RUG12_20190829_153000.wav,0
1719,RUG12_20190829_153000.wav,0
1720,RUG12_20190829_183000.wav,0
1721,RUG12_20190829_183000.wav,0
1722,RUG12_20190829_183000.wav,0
1723,RUG12_20190829_183000.wav,0
1724,RUG12_20190829_183000.wav,0
1725,RUG12_20190829_183000.wav,0
1726,RUG12_20190829_183000.wav,0
1727,RUG12_20190829_183000.wav,0
1728,RUG12_20190829_183000.wav,0
1729,RUG12_20190829_183000.wav,0
1730,RUG12_20190829_183000.wav,0
1731,RUG12_20190829_183000.wav,0
1732,RUG12_20190829_183000.wav,0
1733,RUG12_20190829_183000.wav,0
1734,RUG12_20190829_183000.wav,0
1735,RUG12_20190829_183000.wav,0
1736,RUG12_20190829_183000.wav,0
1737,RUG12_20190829_183000.wav,0
1738,RUG12_20190829_183000.wav,0
1739,RUG12_20190829_183000.wav,0
1740,RUG12_20190830_060000.wav,0
1741,RUG12_20190830_060000.wav,0
1742,RUG12_20190830_060000.wav,0
1743,RUG12_20190830_060000.wav,0
1744,RUG12_20190830_060000.wav,0
1745,RUG12_20190830_060000.wav,0
1746,RUG12_20190830_060000.wav,0
1747,RUG12_20190830_060000.wav,0
1748,RUG12_20190830_060000.wav,0
1749,RUG12_20190830_060000.wav,0
1750,RUG12_20190830_060000.wav,0
1751,RUG12_20190830_060000.wav,0
1752,RUG12_20190830_060000.wav,0
1753,RUG12_20190830_060000.wav,0
1754,RUG12_20190830_060000.wav,0
1755,RUG12_20190830_060000.wav,0
1756,RUG12_20190830_060000.wav,0
1757,RUG12_20190830_060000.wav,0
1758,RUG12_20190830_060000.wav,0
1759,RUG12_20190830_060000.wav,0
1760,RUG12_20190830_090000.wav,0
1761,RUG12_20190830_090000.wav,0
1762,RUG12_20190830_090000.wav,0
1763,RUG12_20190830_090000.wav,0
1764,RUG12_20190830_090000.wav,0
1765,RUG12_20190830_090000.wav,0
1766,RUG12_20190830_090000.wav,0
1767,RUG12_20190830_090000.wav,0
1768,RUG12_20190830_090000.wav,0
1769,RUG12_20190830_090000.wav,0
1770,RUG12_20190830_090000.wav,0
1771,RUG12_20190830_090000.wav,0
1772,RUG12_20190830_090000.wav,0
1773,RUG12_20190830_090000.wav,0
1774,RUG12_20190830_090000.wav,0
1775,RUG12_20190830_090000.wav,0
1776,RUG12_20190830_090000.wav,0
1777,RUG12_20190830_090000.wav,0
1778,RUG12_20190830_090000.wav,0
1779,RUG12_20190830_090000.wav,0
1780,RUG12_20190830_103000.wav,0
1781,RUG12_20190830_103000.wav,0
1782,RUG12_20190830_103000.wav,0
1783,RUG12_20190830_103000.wav,0
1784,RUG12_20190830_103000.wav,0
1785,RUG12_20190830_103000.wav,0
1786,RUG12_20190830_103000.wav,0
1787,RUG12_20190830_103000.wav,0
1788,RUG12_20190830_103000.wav,0
1789,RUG12_20190830_103000.wav,0
1790,RUG12_20190830_103000.wav,0
1791,RUG12_20190830_103000.wav,0
1792,RUG12_20190830_103000.wav,0
1793,RUG12_20190830_103000.wav,0
1794,RUG12_20190830_103000.wav,0
1795,RUG12_20190830_103000.wav,0
1796,RUG12_20190830_103000.wav,0
1797,RUG12_20190830_103000.wav,0
1798,RUG12_20190830_103000.wav,0
1799,RUG12_20190830_103000.wav,0
